Title,URL,Description,Details,ShortDetails,Resource,Type,Identifiers,Db,EntrezUID,Properties
"Network connectivity determines cortical thinning in early Parkinson's disease progression.","/pubmed/29295991","Yau Y, Zeighami Y, Baker TE, Larcher K, Vainik U, Dadar M, Fonov VS, Hagmann P, Griffa A, Mišić B, Collins DL, Dagher A.","Nat Commun. 2018 Jan 2;9(1):12. doi: 10.1038/s41467-017-02416-0.","Nat Commun.  2018","PubMed","citation","PMID:29295991 | PMCID:PMC5750227","pubmed","29295991","create date:2018/01/04 | first author:Yau Y",
"Four ethical priorities for neurotechnologies and AI.","/pubmed/29120438","Yuste R, Goering S, Arcas BAY, Bi G, Carmena JM, Carter A, Fins JJ, Friesen P, Gallant J, Huggins JE, Illes J, Kellmeyer P, Klein E, Marblestone A, Mitchell C, Parens E, Pham M, Rubel A, Sadato N, Sullivan LS, Teicher M, Wasserman D, et al.","Nature. 2017 Nov 8;551(7679):159-163. doi: 10.1038/551159a. No abstract available. ","Nature.  2017","PubMed","citation","PMID:29120438","pubmed","29120438","create date:2017/11/10 | first author:Yuste R",
"Influence of cerebrovascular disease on brain networks in prodromal and clinical Alzheimer's disease.","/pubmed/29053778","Chong JSX, Liu S, Loke YM, Hilal S, Ikram MK, Xu X, Tan BY, Venketasubramanian N, Chen CL, Zhou J.","Brain. 2017 Nov 1;140(11):3012-3022. doi: 10.1093/brain/awx224.","Brain.  2017","PubMed","citation","PMID:29053778","pubmed","29053778","create date:2017/10/21 | first author:Chong JSX",
"Clinical marker for Alzheimer disease pathology in logopenic primary progressive aphasia.","/pubmed/28515265","Giannini LAA, Irwin DJ, McMillan CT, Ash S, Rascovsky K, Wolk DA, Van Deerlin VM, Lee EB, Trojanowski JQ, Grossman M.","Neurology. 2017 Jun 13;88(24):2276-2284. doi: 10.1212/WNL.0000000000004034. Epub 2017 May 17.","Neurology.  2017","PubMed","citation","PMID:28515265 | PMCID:PMC5567322","pubmed","28515265","create date:2017/05/19 | first author:Giannini LAA",
"Family history and APOE4 risk for Alzheimer's disease impact the neural correlates of episodic memory by early midlife.","/pubmed/28413778","Rajah MN, Wallace LMK, Ankudowich E, Yu EH, Swierkot A, Patel R, Chakravarty MM, Naumova D, Pruessner J, Joober R, Gauthier S, Pasvanis S.","Neuroimage Clin. 2017 Mar 31;14:760-774. doi: 10.1016/j.nicl.2017.03.016. eCollection 2017.","Neuroimage Clin.  2017","PubMed","citation","PMID:28413778 | PMCID:PMC5385589","pubmed","28413778","create date:2017/04/18 | first author:Rajah MN",
"A neural network underlying intentional emotional facial expression in neurodegenerative disease.","/pubmed/28373956","Gola KA, Shany-Ur T, Pressman P, Sulman I, Galeana E, Paulsen H, Nguyen L, Wu T, Adhimoolam B, Poorzand P, Miller BL, Rankin KP.","Neuroimage Clin. 2017 Jan 17;14:672-678. doi: 10.1016/j.nicl.2017.01.016. eCollection 2017.","Neuroimage Clin.  2017","PubMed","citation","PMID:28373956 | PMCID:PMC5367861","pubmed","28373956","create date:2017/04/05 | first author:Gola KA",
"Recent publications from the Alzheimer's Disease Neuroimaging Initiative: Reviewing progress toward improved AD clinical trials.","/pubmed/28342697","Weiner MW, Veitch DP, Aisen PS, Beckett LA, Cairns NJ, Green RC, Harvey D, Jack CR Jr., Jagust W, Morris JC, Petersen RC, Saykin AJ, Shaw LM, Toga AW, Trojanowski JQ; Alzheimer's Disease Neuroimaging Initiative..","Alzheimers Dement. 2017 Apr;13(4):e1-e85. doi: 10.1016/j.jalz.2016.11.007. Epub 2017 Mar 22. Review.","Alzheimers Dement.  2017","PubMed","citation","PMID:28342697","pubmed","28342697","create date:2017/03/28 | first author:Weiner MW",
"Diagnosis of autism through EEG processed by advanced computational algorithms: A pilot study.","/pubmed/28325448","Grossi E, Olivieri C, Buscema M.","Comput Methods Programs Biomed. 2017 Apr;142:73-79. doi: 10.1016/j.cmpb.2017.02.002. Epub 2017 Feb 20.","Comput Methods Programs Biomed.  2017","PubMed","citation","PMID:28325448","pubmed","28325448","create date:2017/03/23 | first author:Grossi E",
"3D scattering transforms for disease classification in neuroimaging.","/pubmed/28289601","Adel T, Cohen T, Caan M, Welling M; AGEhIV study group and the Alzheimer's Disease Neuroimaging Initiative..","Neuroimage Clin. 2017 Feb 10;14:506-517. doi: 10.1016/j.nicl.2017.02.004. eCollection 2017.","Neuroimage Clin.  2017","PubMed","citation","PMID:28289601 | PMCID:PMC5338908","pubmed","28289601","create date:2017/03/16 | first author:Adel T",
"Classification of Alzheimer's disease and prediction of mild cognitive impairment-to-Alzheimer's conversion from structural magnetic resource imaging using feature ranking and a genetic algorithm.","/pubmed/28260614","Beheshti I, Demirel H, Matsuda H; Alzheimer's Disease Neuroimaging Initiative..","Comput Biol Med. 2017 Apr 1;83:109-119. doi: 10.1016/j.compbiomed.2017.02.011. Epub 2017 Feb 27.","Comput Biol Med.  2017","PubMed","citation","PMID:28260614","pubmed","28260614","create date:2017/03/07 | first author:Beheshti I",
"Voxel-Based Diagnosis of Alzheimer's Disease Using Classifier Ensembles.","/pubmed/28113481","Armananzas R, Iglesias M, Morales DA, Alonso-Nanclares L.","IEEE J Biomed Health Inform. 2017 May;21(3):778-784. doi: 10.1109/JBHI.2016.2538559. Epub 2016 Mar 4.","IEEE J Biomed Health Inform.  2017","PubMed","citation","PMID:28113481","pubmed","28113481","create date:2017/01/24 | first author:Armananzas R",
"Structural MRI-based detection of Alzheimer's disease using feature ranking and classification error.","/pubmed/28110723","Beheshti I, Demirel H, Farokhian F, Yang C, Matsuda H; Alzheimer's Disease Neuroimaging Initiative..","Comput Methods Programs Biomed. 2016 Dec;137:177-193. doi: 10.1016/j.cmpb.2016.09.019. Epub 2016 Sep 26.","Comput Methods Programs Biomed.  2016","PubMed","citation","PMID:28110723","pubmed","28110723","create date:2017/01/24 | first author:Beheshti I",
"A cognitive electrophysiological signature differentiates amnestic mild cognitive impairment from normal aging.","/pubmed/28100252","Li J, Broster LS, Jicha GA, Munro NB, Schmitt FA, Abner E, Kryscio R, Smith CD, Jiang Y.","Alzheimers Res Ther. 2017 Jan 19;9(1):3. doi: 10.1186/s13195-016-0229-3.","Alzheimers Res Ther.  2017","PubMed","citation","PMID:28100252 | PMCID:PMC5244569","pubmed","28100252","create date:2017/01/20 | first author:Li J",
"Learning-based 3T brain MRI segmentation with guidance from 7T MRI labeling.","/pubmed/28054724","Deng M, Yu R, Wang L, Shi F, Yap PT, Shen D; Alzheimer's Disease Neuroimaging Initiative..","Med Phys. 2016 Dec;43(12):6588-6597. doi: 10.1118/1.4967487.","Med Phys.  2016","PubMed","citation","PMID:28054724","pubmed","28054724","create date:2017/01/06 | first author:Deng M",
"A Feature-Free 30-Disease Pathological Brain Detection System by Linear Regression Classifier.","/pubmed/27890009","Chen Y, Shao Y, Yan J, Yuan TF, Qu Y, Lee E, Wang S.","CNS Neurol Disord Drug Targets. 2017;16(1):5-10. doi: 10.2174/1871527314666161124115531.","CNS Neurol Disord Drug Targets.  2017","PubMed","citation","PMID:27890009","pubmed","27890009","create date:2016/11/29 | first author:Chen Y",
"Common and divergent neural correlates of anomia in amnestic and logopenic presentations of Alzheimer's disease.","/pubmed/27875715","Leyton CE, Hodges JR, Piguet O, Ballard KJ.","Cortex. 2017 Jan;86:45-54. doi: 10.1016/j.cortex.2016.10.019. Epub 2016 Nov 5.","Cortex.  2017","PubMed","citation","PMID:27875715","pubmed","27875715","create date:2016/11/23 | first author:Leyton CE",
"Category and design fluency in mild cognitive impairment: Performance, strategy use, and neural correlates.","/pubmed/27693701","Peter J, Kaiser J, Landerer V, Köstering L, Kaller CP, Heimbach B, Hüll M, Bormann T, Klöppel S.","Neuropsychologia. 2016 Dec;93(Pt A):21-29. doi: 10.1016/j.neuropsychologia.2016.09.024. Epub 2016 Sep 30.","Neuropsychologia.  2016","PubMed","citation","PMID:27693701","pubmed","27693701","create date:2016/10/30 | first author:Peter J",
"Relating pessimistic memory predictions to Alzheimer's disease brain structure.","/pubmed/27773357","Genon S, Simon J, Bahri MA, Collette F, Souchay C, Jaspar M, Bastin C, Salmon E.","Cortex. 2016 Dec;85:151-164. doi: 10.1016/j.cortex.2016.09.014. Epub 2016 Oct 1.","Cortex.  2016","PubMed","citation","PMID:27773357","pubmed","27773357","create date:2016/10/25 | first author:Genon S",
"Standardized Uptake Value Ratio-Independent Evaluation of Brain Amyloidosis.","/pubmed/27662288","Chincarini A, Sensi F, Rei L, Bossert I, Morbelli S, Guerra UP, Frisoni G, Padovani A, Nobili F; Alzheimer’s Disease Neuroimaging Initiative..","J Alzheimers Dis. 2016 Oct 18;54(4):1437-1457.","J Alzheimers Dis.  2016","PubMed","citation","PMID:27662288","pubmed","27662288","create date:2016/10/22 | first author:Chincarini A",
"Network-Based Substrate of Cognitive Reserve in Alzheimer's Disease.","/pubmed/27662319","Serra L, Mancini M, Cercignani M, Di Domenico C, Spanò B, Giulietti G, Koch G, Marra C, Bozzali M.","J Alzheimers Dis. 2017;55(1):421-430.","J Alzheimers Dis.  2017","PubMed","citation","PMID:27662319","pubmed","27662319","create date:2016/09/24 | first author:Serra L",
"Lesion Topography and Microscopic White Matter Tract Damage Contribute to Cognitive Impairment in Symptomatic Carotid Artery Disease.","/pubmed/27598537","Meng D, Hosseini AA, Simpson RJ, Shaikh Q, Tench CR, Dineen RA, Auer DP.","Radiology. 2017 Feb;282(2):502-515. doi: 10.1148/radiol.2016152685. Epub 2016 Sep 6.","Radiology.  2017","PubMed","citation","PMID:27598537 | PMCID:PMC5283872","pubmed","27598537","create date:2016/09/07 | first author:Meng D",
"So Close Yet So Far: Executive Contribution to Memory Processing in Behavioral Variant Frontotemporal Dementia.","/pubmed/27567869","Bertoux M, Ramanan S, Slachevsky A, Wong S, Henriquez F, Musa G, Delgado C, Flanagan E, Bottlaender M, Sarazin M, Hornberger M, Dubois B.","J Alzheimers Dis. 2016 Oct 4;54(3):1005-1014.","J Alzheimers Dis.  2016","PubMed","citation","PMID:27567869","pubmed","27567869","create date:2016/08/29 | first author:Bertoux M",
"The Significance of the Default Mode Network (DMN) in Neurological and Neuropsychiatric Disorders: A Review.","/pubmed/27505016","Mohan A, Roberto AJ, Mohan A, Lorenzo A, Jones K, Carney MJ, Liogier-Weyback L, Hwang S, Lapidus KA.","Yale J Biol Med. 2016 Mar 24;89(1):49-57. eCollection 2016 Mar. Review.","Yale J Biol Med.  2016","PubMed","citation","PMID:27505016 | PMCID:PMC4797836","pubmed","27505016","create date:2016/08/10 | first author:Mohan A",
"Ensembles of Deep Learning Architectures for the Early Diagnosis of the Alzheimer's Disease.","/pubmed/27478060","Ortiz A, Munilla J, Górriz JM, Ramírez J.","Int J Neural Syst. 2016 Nov;26(7):1650025. doi: 10.1142/S0129065716500258. Epub 2016 Apr 4.","Int J Neural Syst.  2016","PubMed","citation","PMID:27478060","pubmed","27478060","create date:2016/08/02 | first author:Ortiz A",
"Introduction.","/pubmed/27478059","Ferrández JM, Andina D, Fernández E.","Int J Neural Syst. 2016 Nov;26(7):1602001. doi: 10.1142/S0129065716020019. Epub 2016 Jul 31. No abstract available. ","Int J Neural Syst.  2016","PubMed","citation","PMID:27478059","pubmed","27478059","create date:2016/08/02 | first author:Ferrández JM",
"Exploring anterograde memory: a volumetric MRI study in patients with mild cognitive impairment.","/pubmed/27473839","Philippi N, Noblet V, Duron E, Cretin B, Boully C, Wisniewski I, Seux ML, Martin-Hunyadi C, Chaussade E, Demuynck C, Kremer S, Lehéricy S, Gounot D, Armspach JP, Hanon O, Blanc F.","Alzheimers Res Ther. 2016 Jul 30;8(1):26. doi: 10.1186/s13195-016-0190-1.","Alzheimers Res Ther.  2016","PubMed","citation","PMID:27473839 | PMCID:PMC4967326","pubmed","27473839","create date:2016/07/31 | first author:Philippi N",
"Enhanced resting-state functional connectivity between core memory-task activation peaks is associated with memory impairment in MCI.","/pubmed/27459924","Zhang Y, Simon-Vermot L, Araque Caballero MÁ, Gesierich B, Taylor ANW, Duering M, Dichgans M, Ewers M; Alzheimer's Disease Neuroimaging Initiative..","Neurobiol Aging. 2016 Sep;45:43-49. doi: 10.1016/j.neurobiolaging.2016.04.018. Epub 2016 May 3.","Neurobiol Aging.  2016","PubMed","citation","PMID:27459924","pubmed","27459924","create date:2016/07/28 | first author:Zhang Y",
"Deep Learning Representation from Electroencephalography of Early-Stage Creutzfeldt-Jakob Disease and Features for Differentiation from Rapidly Progressive Dementia.","/pubmed/27440465","Morabito FC, Campolo M, Mammone N, Versaci M, Franceschetti S, Tagliavini F, Sofia V, Fatuzzo D, Gambardella A, Labate A, Mumoli L, Tripodi GG, Gasparini S, Cianci V, Sueri C, Ferlazzo E, Aguglia U.","Int J Neural Syst. 2017 Mar;27(2):1650039. doi: 10.1142/S0129065716500398. Epub 2016 May 3.","Int J Neural Syst.  2017","PubMed","citation","PMID:27440465","pubmed","27440465","create date:2016/07/22 | first author:Morabito FC",
"Tract-specific white matter hyperintensities disrupt neural network function in Alzheimer's disease.","/pubmed/27432800","Taylor ANW, Kambeitz-Ilankovic L, Gesierich B, Simon-Vermot L, Franzmeier N, Araque Caballero MÁ, Müller S, Hesheng L, Ertl-Wagner B, Bürger K, Weiner MW, Dichgans M, Duering M, Ewers M; Alzheimer's Disease Neuroimaging Initiative (ADNI)..","Alzheimers Dement. 2017 Mar;13(3):225-235. doi: 10.1016/j.jalz.2016.06.2358. Epub 2016 Jul 16.","Alzheimers Dement.  2017","PubMed","citation","PMID:27432800 | PMCID:PMC5319922","pubmed","27432800","create date:2016/07/20 | first author:Taylor ANW",
"Role of Artificial Intelligence Techniques (Automatic Classifiers) in Molecular Imaging Modalities in Neurodegenerative Diseases.","/pubmed/27334942","Cascianelli S, Scialpi M, Amici S, Forini N, Minestrini M, Fravolini ML, Sinzinger H, Schillaci O, Palumbo B.","Curr Alzheimer Res. 2017;14(2):198-207. Review.","Curr Alzheimer Res.  2017","PubMed","citation","PMID:27334942","pubmed","27334942","create date:2016/06/24 | first author:Cascianelli S",
"Different reserve proxies confer overlapping and unique endurance to cortical thinning in healthy middle-aged adults.","/pubmed/27263072","Ferreira D, Bartrés-Faz D, Nygren L, Rundkvist LJ, Molina Y, Machado A, Junqué C, Barroso J, Westman E.","Behav Brain Res. 2016 Sep 15;311:375-383. doi: 10.1016/j.bbr.2016.05.061. Epub 2016 Jun 1.","Behav Brain Res.  2016","PubMed","citation","PMID:27263072","pubmed","27263072","create date:2016/06/06 | first author:Ferreira D",
"Normative data for subcortical regional volumes over the lifetime of the adult human brain.","/pubmed/27165761","Potvin O, Mouiha A, Dieumegarde L, Duchesne S; Alzheimer's Disease Neuroimaging Initiative..","Neuroimage. 2016 Aug 15;137:9-20. doi: 10.1016/j.neuroimage.2016.05.016. Epub 2016 May 7.","Neuroimage.  2016","PubMed","citation","PMID:27165761","pubmed","27165761","create date:2016/05/12 | first author:Potvin O",
"Centered Kernel Alignment Enhancing Neural Network Pretraining for MRI-Based Dementia Diagnosis.","/pubmed/27148392","Cárdenas-Peña D, Collazos-Huertas D, Castellanos-Dominguez G.","Comput Math Methods Med. 2016;2016:9523849. doi: 10.1155/2016/9523849. Epub 2016 Apr 11.","Comput Math Methods Med.  2016","PubMed","citation","PMID:27148392 | PMCID:PMC4842359","pubmed","27148392","create date:2016/05/06 | first author:Cárdenas-Peña D",
"Neuroanatomical correlates of verbal fluency in early Alzheimer's disease and normal aging.","/pubmed/27062691","Rodríguez-Aranda C, Waterloo K, Johnsen SH, Eldevik P, Sparr S, Wikran GC, Herder M, Vangberg TR.","Brain Lang. 2016 Apr-May;155-156:24-35. doi: 10.1016/j.bandl.2016.03.001. Epub 2016 Apr 7.","Brain Lang.  2016","PubMed","citation","PMID:27062691","pubmed","27062691","create date:2016/04/12 | first author:Rodríguez-Aranda C",
"Single subject prediction of brain disorders in neuroimaging: Promises and pitfalls.","/pubmed/27012503","Arbabshirani MR, Plis S, Sui J, Calhoun VD.","Neuroimage. 2017 Jan 15;145(Pt B):137-165. doi: 10.1016/j.neuroimage.2016.02.079. Epub 2016 Mar 21. Review.","Neuroimage.  2017","PubMed","citation","PMID:27012503 | PMCID:PMC5031516","pubmed","27012503","create date:2016/03/26 | first author:Arbabshirani MR",
"Age-Related Effects of the Apolipoprotein E Gene on Brain Function.","/pubmed/27003211","Matura S, Prvulovic D, Hartmann D, Scheibe M, Sepanski B, Butz M, Oertel-Knöchel V, Knöchel C, Karakaya T, Fußer F, Hattingen E, Pantel J.","J Alzheimers Dis. 2016 Mar 16;52(1):317-31. doi: 10.3233/JAD-150990.","J Alzheimers Dis.  2016","PubMed","citation","PMID:27003211","pubmed","27003211","create date:2016/03/24 | first author:Matura S",
"Fuzzy Computer-Aided Alzheimer's Disease Diagnosis Based on MRI Data.","/pubmed/26971942","Krashenyi I, Ramírez J, Popov A, Górriz JM, The Alzheimer's Disease Neuroimaging Initiative.","Curr Alzheimer Res. 2016;13(5):545-56.","Curr Alzheimer Res.  2016","PubMed","citation","PMID:26971942","pubmed","26971942","create date:2016/03/15 | first author:Krashenyi I",
"Heterogeneous Language Profiles in Patients with Primary Progressive Aphasia due to Alzheimer's Disease.","/pubmed/26890751","Louwersheimer E, Keulen MA, Steenwijk MD, Wattjes MP, Jiskoot LC, Vrenken H, Teunissen CE, van Berckel BN, van der Flier WM, Scheltens P, van Swieten JC, Pijnenburg YA.","J Alzheimers Dis. 2016;51(2):581-90. doi: 10.3233/JAD-150812.","J Alzheimers Dis.  2016","PubMed","citation","PMID:26890751","pubmed","26890751","create date:2016/02/19 | first author:Louwersheimer E",
"Measuring Cortical Connectivity in Alzheimer's Disease as a Brain Neural Network Pathology: Toward Clinical Applications.","/pubmed/26888613","Teipel S, Grothe MJ, Zhou J, Sepulcre J, Dyrba M, Sorg C, Babiloni C.","J Int Neuropsychol Soc. 2016 Feb;22(2):138-63. doi: 10.1017/S1355617715000995. Review.","J Int Neuropsychol Soc.  2016","PubMed","citation","PMID:26888613","pubmed","26888613","create date:2016/02/19 | first author:Teipel S",
"Three-Dimensional Eigenbrain for the Detection of Subjects and Brain Regions Related with Alzheimer's Disease.","/pubmed/26836190","Zhang Y, Wang S, Phillips P, Yang J, Yuan TF.","J Alzheimers Dis. 2016;50(4):1163-79. doi: 10.3233/JAD-150988.","J Alzheimers Dis.  2016","PubMed","citation","PMID:26836190","pubmed","26836190","create date:2016/02/03 | first author:Zhang Y",
"Patients with Mild Alzheimer's Disease Fail When Using Their Working Memory: Evidence from the Eye Tracking Technique.","/pubmed/26836011","Fernández G, Manes F, Politi LE, Orozco D, Schumacher M, Castro L, Agamennoni O, Rotstein NP.","J Alzheimers Dis. 2016;50(3):827-38. doi: 10.3233/JAD-150265.","J Alzheimers Dis.  2016","PubMed","citation","PMID:26836011","pubmed","26836011","create date:2016/02/03 | first author:Fernández G",
"Assessment of Eating Behavior Disturbance and Associated Neural Networks in Frontotemporal Dementia.","/pubmed/26810632","Ahmed RM, Irish M, Henning E, Dermody N, Bartley L, Kiernan MC, Piguet O, Farooqi S, Hodges JR.","JAMA Neurol. 2016 Mar;73(3):282-90. doi: 10.1001/jamaneurol.2015.4478.","JAMA Neurol.  2016","PubMed","citation","PMID:26810632","pubmed","26810632","create date:2016/01/27 | first author:Ahmed RM",
"Emerging technologies with potential for objectively evaluating speech recognition skills.","/pubmed/26807789","Rawool VW.","Int J Audiol. 2016;55 Suppl 1:S41-50. doi: 10.3109/14992027.2015.1128570. Epub 2016 Jan 25. Review.","Int J Audiol.  2016","PubMed","citation","PMID:26807789","pubmed","26807789","create date:2016/01/26 | first author:Rawool VW",
"Hippocampal Subfield Atrophies in Converted and Not-Converted Mild Cognitive Impairments Patients by a Markov Random Fields Algorithm.","/pubmed/26787291","Vasta R, Augimeri A, Cerasa A, Nigro S, Gramigna V, Nonnis M, Rocca F, Zito G, Quattrone A, For The Alzheimer's Disease Neuroimaging Initiative.","Curr Alzheimer Res. 2016;13(5):566-74.","Curr Alzheimer Res.  2016","PubMed","citation","PMID:26787291","pubmed","26787291","create date:2016/01/21 | first author:Vasta R",
"Pauses During Autobiographical Discourse Reflect Episodic Memory Processes in Early Alzheimer's Disease.","/pubmed/26757034","Pistono A, Jucla M, Barbeau EJ, Saint-Aubert L, Lemesle B, Calvet B, Köpke B, Puel M, Pariente J.","J Alzheimers Dis. 2016;50(3):687-98. doi: 10.3233/JAD-150408.","J Alzheimers Dis.  2016","PubMed","citation","PMID:26757034 | PMCID:PMC4927846","pubmed","26757034","create date:2016/01/13 | first author:Pistono A",
"Cortical connectivity and memory performance in cognitive decline: A study via graph theory from EEG data.","/pubmed/26724581","Vecchio F, Miraglia F, Quaranta D, Granata G, Romanello R, Marra C, Bramanti P, Rossini PM.","Neuroscience. 2016 Mar 1;316:143-50. doi: 10.1016/j.neuroscience.2015.12.036. Epub 2015 Dec 24.","Neuroscience.  2016","PubMed","citation","PMID:26724581","pubmed","26724581","create date:2016/01/03 | first author:Vecchio F",
"Analysis of spontaneous EEG activity in Alzheimer's disease using cross-sample entropy and graph theory.","/pubmed/28324972","Gomez C, Poza J, Gomez-Pilar J, Bachiller A, Juan-Cruz C, Tola-Arribas MA, Carreres A, Cano M, Hornero R.","Conf Proc IEEE Eng Med Biol Soc. 2016 Aug;2016:2830-2833. doi: 10.1109/EMBC.2016.7591319.","Conf Proc IEEE Eng Med Biol Soc.  2016","PubMed","citation","PMID:28324972","pubmed","28324972","create date:2016/01/01 | first author:Gomez C",
"Preservation of episodic memory in semantic dementia: The importance of regions beyond the medial temporal lobes.","/pubmed/26683384","Irish M, Bunk S, Tu S, Kamminga J, Hodges JR, Hornberger M, Piguet O.","Neuropsychologia. 2016 Jan 29;81:50-60. doi: 10.1016/j.neuropsychologia.2015.12.005. Epub 2015 Dec 9.","Neuropsychologia.  2016","PubMed","citation","PMID:26683384","pubmed","26683384","create date:2015/12/20 | first author:Irish M",
"MUSE: MUlti-atlas region Segmentation utilizing Ensembles of registration algorithms and parameters, and locally optimal atlas selection.","/pubmed/26679328","Doshi J, Erus G, Ou Y, Resnick SM, Gur RC, Gur RE, Satterthwaite TD, Furth S, Davatzikos C; Alzheimer's Neuroimaging Initiative..","Neuroimage. 2016 Feb 15;127:186-195. doi: 10.1016/j.neuroimage.2015.11.073. Epub 2015 Dec 8.","Neuroimage.  2016","PubMed","citation","PMID:26679328 | PMCID:PMC4806537","pubmed","26679328","create date:2015/12/19 | first author:Doshi J",
"Feature-ranking-based Alzheimer's disease classification from structural MRI.","/pubmed/26657976","Beheshti I, Demirel H; Alzheimer’s Disease Neuroimaging Initiative..","Magn Reson Imaging. 2016 Apr;34(3):252-63. doi: 10.1016/j.mri.2015.11.009. Epub 2015 Dec 3.","Magn Reson Imaging.  2016","PubMed","citation","PMID:26657976","pubmed","26657976","create date:2015/12/15 | first author:Beheshti I",
"Biomarker validation of a decline in semantic processing in preclinical Alzheimer's disease.","/pubmed/26595826","Papp KV, Mormino EC, Amariglio RE, Munro C, Dagley A, Schultz AP, Johnson KA, Sperling RA, Rentz DM.","Neuropsychology. 2016 Jul;30(5):624-30. doi: 10.1037/neu0000246. Epub 2015 Nov 23.","Neuropsychology.  2016","PubMed","citation","PMID:26595826 | PMCID:PMC4877295","pubmed","26595826","create date:2015/11/26 | first author:Papp KV",
"Untangling Alzheimer's Disease Clinicoanatomical Heterogeneity Through Selective Network Vulnerability - An Effort to Understand a Complex Disease.","/pubmed/26567745","Bergeron D, Bensaïdane R, Laforce R.","Curr Alzheimer Res. 2016;13(5):589-96. Review.","Curr Alzheimer Res.  2016","PubMed","citation","PMID:26567745","pubmed","26567745","create date:2015/11/17 | first author:Bergeron D",
"Hippocampal unified multi-atlas network (HUMAN): protocol and scale validation of a novel segmentation tool.","/pubmed/26531765","Amoroso N, Errico R, Bruno S, Chincarini A, Garuccio E, Sensi F, Tangaro S, Tateo A, Bellotti R; Alzheimers Disease Neuroimaging Initiative..","Phys Med Biol. 2015 Nov 21;60(22):8851-67. doi: 10.1088/0031-9155/60/22/8851. Epub 2015 Nov 4.","Phys Med Biol.  2015","PubMed","citation","PMID:26531765","pubmed","26531765","create date:2015/11/05 | first author:Amoroso N",
"An advanced white matter tract analysis in frontotemporal dementia and early-onset Alzheimer's disease.","/pubmed/26515192","Daianu M, Mendez MF, Baboyan VG, Jin Y, Melrose RJ, Jimenez EE, Thompson PM.","Brain Imaging Behav. 2016 Dec;10(4):1038-1053.","Brain Imaging Behav.  2016","PubMed","citation","PMID:26515192 | PMCID:PMC5167220","pubmed","26515192","create date:2015/10/31 | first author:Daianu M",
"Altered memory-related functional connectivity of the anterior and posterior hippocampus in older adults at increased genetic risk for Alzheimer's disease.","/pubmed/26503161","Harrison TM, Burggren AC, Small GW, Bookheimer SY.","Hum Brain Mapp. 2016 Jan;37(1):366-80. doi: 10.1002/hbm.23036. Epub 2015 Oct 27.","Hum Brain Mapp.  2016","PubMed","citation","PMID:26503161 | PMCID:PMC4715627","pubmed","26503161","create date:2015/10/28 | first author:Harrison TM",
"Neural substrates of spontaneous narrative production in focal neurodegenerative disease.","/pubmed/26485159","Gola KA, Thorne A, Veldhuisen LD, Felix CM, Hankinson S, Pham J, Shany-Ur T, Schauer GP, Stanley CM, Glenn S, Miller BL, Rankin KP.","Neuropsychologia. 2015 Dec;79(Pt A):158-71. doi: 10.1016/j.neuropsychologia.2015.10.022. Epub 2015 Oct 17. Erratum in: Neuropsychologia. 2018 Mar 12;:. ","Neuropsychologia.  2015","PubMed","citation","PMID:26485159 | PMCID:PMC4809527","pubmed","26485159","create date:2015/10/21 | first author:Gola KA",
"Patterns of effective connectivity during memory encoding and retrieval differ between patients with mild cognitive impairment and healthy older adults.","/pubmed/26458520","Hampstead BM, Khoshnoodi M, Yan W, Deshpande G, Sathian K.","Neuroimage. 2016 Jan 1;124(Pt A):997-1008. doi: 10.1016/j.neuroimage.2015.10.002. Epub 2015 Oct 13.","Neuroimage.  2016","PubMed","citation","PMID:26458520 | PMCID:PMC5619652","pubmed","26458520","create date:2015/10/16 | first author:Hampstead BM",
"Neuropsychological, Metabolic, and GABAA Receptor Studies in Subjects with Repetitive Traumatic Brain Injury.","/pubmed/26414498","Bang SA, Song YS, Moon BS, Lee BC, Lee HY, Kim JM, Kim SE.","J Neurotrauma. 2016 Jun 1;33(11):1005-14. doi: 10.1089/neu.2015.4051. Epub 2015 Oct 6.","J Neurotrauma.  2016","PubMed","citation","PMID:26414498","pubmed","26414498","create date:2015/09/29 | first author:Bang SA",
"Neurobiology of Alzheimer's Disease: Integrated Molecular, Physiological, Anatomical, Biomarker, and Cognitive Dimensions.","/pubmed/26412218","Raskin J, Cummings J, Hardy J, Schuh K, Dean RA.","Curr Alzheimer Res. 2015;12(8):712-22. Review.","Curr Alzheimer Res.  2015","PubMed","citation","PMID:26412218 | PMCID:PMC5384474","pubmed","26412218","create date:2015/09/29 | first author:Raskin J",
"Comparative analysis of the Cancer Council of Victoria and the online Commonwealth Scientific and Industrial Research Organisation FFQ.","/pubmed/26382226","Gardener SL, Rainey-Smith SR, Macaulay SL, Taddei K, Rembach A, Maruff P, Ellis KA, Masters CL, Rowe CC, Ames D, Keogh JB, Martins RN; AIBL Research Group..","Br J Nutr. 2015 Nov 28;114(10):1683-93. doi: 10.1017/S0007114515003335. Epub 2015 Sep 18.","Br J Nutr.  2015","PubMed","citation","PMID:26382226","pubmed","26382226","create date:2015/09/19 | first author:Gardener SL",
"Effects of imaging modalities, brain atlases and feature selection on prediction of Alzheimer's disease.","/pubmed/26318777","Ota K, Oishi N, Ito K, Fukuyama H; SEAD-J Study Group.; Alzheimer's Disease Neuroimaging Initiative..","J Neurosci Methods. 2015 Dec 30;256:168-83. doi: 10.1016/j.jneumeth.2015.08.020. Epub 2015 Aug 28.","J Neurosci Methods.  2015","PubMed","citation","PMID:26318777","pubmed","26318777","create date:2015/09/01 | first author:Ota K",
"Episodic memory in normal aging and Alzheimer disease: Insights from imaging and behavioral studies.","/pubmed/26318058","Tromp D, Dufour A, Lithfous S, Pebayle T, Després O.","Ageing Res Rev. 2015 Nov;24(Pt B):232-62. doi: 10.1016/j.arr.2015.08.006. Epub 2015 Aug 28. Review.","Ageing Res Rev.  2015","PubMed","citation","PMID:26318058","pubmed","26318058","create date:2015/09/01 | first author:Tromp D",
"A novel method for early diagnosis of Alzheimer's disease based on pseudo Zernike moment from structural MRI.","/pubmed/26265552","Gorji HT, Haddadnia J.","Neuroscience. 2015 Oct 1;305:361-71. doi: 10.1016/j.neuroscience.2015.08.013. Epub 2015 Aug 8. Erratum in: Neuroscience. 2015 Dec 3;310():751. ","Neuroscience.  2015","PubMed","citation","PMID:26265552","pubmed","26265552","create date:2015/08/13 | first author:Gorji HT",
"Advanced Neuroimaging Methods Towards Characterization of Early Stages of Alzheimer's Disease.","/pubmed/26235088","Sepulcre J, Masdeu JC.","Methods Mol Biol. 2016;1303:509-19. doi: 10.1007/978-1-4939-2627-5_31. Review.","Methods Mol Biol.  2016","PubMed","citation","PMID:26235088","pubmed","26235088","create date:2015/08/04 | first author:Sepulcre J",
"Loss of EEG Network Efficiency Is Related to Cognitive Impairment in Dementia With Lewy Bodies.","/pubmed/26179663","van Dellen E, de Waal H, van der Flier WM, Lemstra AW, Slooter AJ, Smits LL, van Straaten EC, Stam CJ, Scheltens P.","Mov Disord. 2015 Nov;30(13):1785-93. doi: 10.1002/mds.26309. Epub 2015 Jul 16.","Mov Disord.  2015","PubMed","citation","PMID:26179663","pubmed","26179663","create date:2015/07/17 | first author:van Dellen E",
"Different Temporal Patterns of Specific and General Autobiographical Memories across the Lifespan in Alzheimer's Disease.","/pubmed/26175549","Philippi N, Rousseau F, Noblet V, Botzung A, Després O, Cretin B, Kremer S, Blanc F, Manning L.","Behav Neurol. 2015;2015:963460. doi: 10.1155/2015/963460. Epub 2015 Jun 15.","Behav Neurol.  2015","PubMed","citation","PMID:26175549 | PMCID:PMC4484842","pubmed","26175549","create date:2015/07/16 | first author:Philippi N",
"Word recognition in Alzheimer's disease: Effects of semantic degeneration.","/pubmed/26114914","Cuetos F, Arce N, Martínez C, Ellis AW.","J Neuropsychol. 2017 Mar;11(1):26-39. doi: 10.1111/jnp.12077. Epub 2015 Jun 24.","J Neuropsychol.  2017","PubMed","citation","PMID:26114914","pubmed","26114914","create date:2015/06/27 | first author:Cuetos F",
"Brain structural, functional, and cognitive correlates of recent versus remote autobiographical memories in amnestic Mild Cognitive Impairment.","/pubmed/26106572","Tomadesso C, Perrotin A, Mutlu J, Mézenge F, Landeau B, Egret S, de la Sayette V, Jonin PY, Eustache F, Desgranges B, Chételat G.","Neuroimage Clin. 2015 May 28;8:473-82. doi: 10.1016/j.nicl.2015.05.010. eCollection 2015.","Neuroimage Clin.  2015","PubMed","citation","PMID:26106572 | PMCID:PMC4474362","pubmed","26106572","create date:2015/06/25 | first author:Tomadesso C",
"Imaging-based enrichment criteria using deep learning algorithms for efficient clinical trials in mild cognitive impairment.","/pubmed/26093156","Ithapu VK, Singh V, Okonkwo OC, Chappell RJ, Dowling NM, Johnson SC; Alzheimer's Disease Neuroimaging Initiative..","Alzheimers Dement. 2015 Dec;11(12):1489-1499. doi: 10.1016/j.jalz.2015.01.010. Epub 2015 Jun 18.","Alzheimers Dement.  2015","PubMed","citation","PMID:26093156 | PMCID:PMC4684492","pubmed","26093156","create date:2015/06/21 | first author:Ithapu VK",
"Alzheimer's disease diagnosis on structural MR images using circular harmonic functions descriptors on hippocampus and posterior cingulate cortex.","/pubmed/26069906","Ben Ahmed O, Mizotin M, Benois-Pineau J, Allard M, Catheline G, Ben Amar C; Alzheimer's Disease Neuroimaging Initiative..","Comput Med Imaging Graph. 2015 Sep;44:13-25. doi: 10.1016/j.compmedimag.2015.04.007. Epub 2015 May 19.","Comput Med Imaging Graph.  2015","PubMed","citation","PMID:26069906","pubmed","26069906","create date:2015/06/13 | first author:Ben Ahmed O",
"Identifying brain functional alterations in postmenopausal women with cognitive impairment.","/pubmed/26037032","Huang J, Bai F, Yang X, Chen C, Bao X, Zhang Y.","Maturitas. 2015 Jul;81(3):371-6. doi: 10.1016/j.maturitas.2015.04.006. Epub 2015 May 14.","Maturitas.  2015","PubMed","citation","PMID:26037032","pubmed","26037032","create date:2015/06/04 | first author:Huang J",
"'Language of the past' - Exploring past tense disruption during autobiographical narration in neurodegenerative disorders.","/pubmed/26014271","Irish M, Kamminga J, Addis DR, Crain S, Thornton R, Hodges JR, Piguet O.","J Neuropsychol. 2016 Sep;10(2):295-316. doi: 10.1111/jnp.12073. Epub 2015 May 27.","J Neuropsychol.  2016","PubMed","citation","PMID:26014271","pubmed","26014271","create date:2015/05/28 | first author:Irish M",
"An improved I-FAST system for the diagnosis of Alzheimer's disease from unprocessed electroencephalograms by using robust invariant features.","/pubmed/25997573","Buscema M, Vernieri F, Massini G, Scrascia F, Breda M, Rossini PM, Grossi E.","Artif Intell Med. 2015 May;64(1):59-74. doi: 10.1016/j.artmed.2015.03.003. Epub 2015 May 12.","Artif Intell Med.  2015","PubMed","citation","PMID:25997573","pubmed","25997573","create date:2015/05/23 | first author:Buscema M",
"A Robust Deep Model for Improved Classification of AD/MCI Patients.","/pubmed/25955998","Li F, Tran L, Thung KH, Ji S, Shen D, Li J.","IEEE J Biomed Health Inform. 2015 Sep;19(5):1610-6. doi: 10.1109/JBHI.2015.2429556. Epub 2015 May 4.","IEEE J Biomed Health Inform.  2015","PubMed","citation","PMID:25955998 | PMCID:PMC4573581","pubmed","25955998","create date:2015/05/09 | first author:Li F",
"State-based functional connectivity changes associate with cognitive decline in amnestic mild cognitive impairment subjects.","/pubmed/25907751","Yue C, Wu D, Bai F, Shi Y, Yu H, Xie C, Zhang Z.","Behav Brain Res. 2015 Jul 15;288:94-102. doi: 10.1016/j.bbr.2015.04.013. Epub 2015 Apr 20.","Behav Brain Res.  2015","PubMed","citation","PMID:25907751","pubmed","25907751","create date:2015/04/25 | first author:Yue C",
"Rhinal hypometabolism on FDG PET in healthy APO-E4 carriers: impact on memory function and metabolic networks.","/pubmed/25900275","Didic M, Felician O, Gour N, Bernard R, Pécheux C, Mundler O, Ceccaldi M, Guedj E.","Eur J Nucl Med Mol Imaging. 2015 Sep;42(10):1512-21. doi: 10.1007/s00259-015-3057-y. Epub 2015 Apr 22.","Eur J Nucl Med Mol Imaging.  2015","PubMed","citation","PMID:25900275","pubmed","25900275","create date:2015/04/23 | first author:Didic M",
"Altered Neural Activity during Semantic Object Memory Retrieval in Amnestic Mild Cognitive Impairment as Measured by Event-Related Potentials.","/pubmed/25835419","Chiang HS, Mudar RA, Pudhiyidath A, Spence JS, Womack KB, Cullum CM, Tanner JA, Eroh J, Kraut MA, Hart J Jr.","J Alzheimers Dis. 2015;46(3):703-17. doi: 10.3233/JAD-142781.","J Alzheimers Dis.  2015","PubMed","citation","PMID:25835419","pubmed","25835419","create date:2015/04/04 | first author:Chiang HS",
"Ultra-high resolution in-vivo 7.0T structural imaging of the human hippocampus reveals the endfolial pathway.","/pubmed/25701699","Parekh MB, Rutt BK, Purcell R, Chen Y, Zeineh MM.","Neuroimage. 2015 May 15;112:1-6. doi: 10.1016/j.neuroimage.2015.02.029. Epub 2015 Feb 19.","Neuroimage.  2015","PubMed","citation","PMID:25701699 | PMCID:PMC4489420","pubmed","25701699","create date:2015/02/24 | first author:Parekh MB",
"Influence of controlled encoding and retrieval facilitation on memory performance in patients with different profiles of mild cognitive impairment.","/pubmed/25670528","Perri R, Monaco M, Fadda L, Serra L, Marra C, Caltagirone C, Bruni AC, Curcio S, Bozzali M, Carlesimo GA.","J Neurol. 2015;262(4):938-48. doi: 10.1007/s00415-015-7662-2. Epub 2015 Feb 12.","J Neurol.  2015","PubMed","citation","PMID:25670528","pubmed","25670528","create date:2015/02/12 | first author:Perri R",
"Why do patients with neurodegenerative frontal syndrome fail to answer: 'In what way are an orange and a banana alike?'.","/pubmed/25518957","Lagarde J, Valabrègue R, Corvol JC, Garcin B, Volle E, Le Ber I, Vidailhet M, Dubois B, Levy R.","Brain. 2015 Feb;138(Pt 2):456-71. doi: 10.1093/brain/awu359. Epub 2014 Dec 16.","Brain.  2015","PubMed","citation","PMID:25518957","pubmed","25518957","create date:2014/12/19 | first author:Lagarde J",
"Alzheimer's disease risk variant in CLU is associated with neural inefficiency in healthy individuals.","/pubmed/25496871","Lancaster TM, Brindley LM, Tansey KE, Sims RC, Mantripragada K, Owen MJ, Williams J, Linden DE.","Alzheimers Dement. 2015 Oct;11(10):1144-52. doi: 10.1016/j.jalz.2014.10.012. Epub 2014 Dec 10.","Alzheimers Dement.  2015","PubMed","citation","PMID:25496871","pubmed","25496871","create date:2014/12/17 | first author:Lancaster TM",
"Randomized denoising autoencoders for smaller and efficient imaging based AD clinical trials.","/pubmed/25485413","Ithapul VK, Singh V, Okonkwo O, Johnson SC.","Med Image Comput Comput Assist Interv. 2014;17(Pt 2):470-8.","Med Image Comput Comput Assist Interv.  2014","PubMed","citation","PMID:25485413 | PMCID:PMC4390084","pubmed","25485413","create date:2014/12/09 | first author:Ithapul VK",
"Transcranial direct current stimulation in mild cognitive impairment: Behavioral effects and neural mechanisms.","/pubmed/25449530","Meinzer M, Lindenberg R, Phan MT, Ulm L, Volk C, Flöel A.","Alzheimers Dement. 2015 Sep;11(9):1032-40. doi: 10.1016/j.jalz.2014.07.159. Epub 2014 Nov 20.","Alzheimers Dement.  2015","PubMed","citation","PMID:25449530","pubmed","25449530","create date:2014/12/03 | first author:Meinzer M",
"Relevance of parahippocampal-locus coeruleus connectivity to memory in early dementia.","/pubmed/25433457","Jacobs HI, Wiese S, van de Ven V, Gronenschild EH, Verhey FR, Matthews PM.","Neurobiol Aging. 2015 Feb;36(2):618-26. doi: 10.1016/j.neurobiolaging.2014.10.041. Epub 2014 Nov 6.","Neurobiol Aging.  2015","PubMed","citation","PMID:25433457","pubmed","25433457","create date:2014/12/01 | first author:Jacobs HI",
"Grey and white matter correlates of recent and remote autobiographical memory retrieval--insights from the dementias.","/pubmed/25396740","Irish M, Hornberger M, El Wahsh S, Lam BY, Lah S, Miller L, Hsieh S, Hodges JR, Piguet O.","PLoS One. 2014 Nov 14;9(11):e113081. doi: 10.1371/journal.pone.0113081. eCollection 2014.","PLoS One.  2014","PubMed","citation","PMID:25396740 | PMCID:PMC4232597","pubmed","25396740","create date:2014/11/15 | first author:Irish M",
"The influence of age and mild cognitive impairment on associative memory performance and underlying brain networks.","/pubmed/25381653","Oedekoven CS, Jansen A, Keidel JL, Kircher T, Leube D.","Brain Imaging Behav. 2015 Dec;9(4):776-89. doi: 10.1007/s11682-014-9335-7.","Brain Imaging Behav.  2015","PubMed","citation","PMID:25381653","pubmed","25381653","create date:2014/11/10 | first author:Oedekoven CS",
"Effects of amyloid and small vessel disease on white matter network disruption.","/pubmed/25374100","Kim HJ, Im K, Kwon H, Lee JM, Ye BS, Kim YJ, Cho H, Choe YS, Lee KH, Kim ST, Kim JS, Lee JH, Na DL, Seo SW.","J Alzheimers Dis. 2015;44(3):963-75. doi: 10.3233/JAD-141623.","J Alzheimers Dis.  2015","PubMed","citation","PMID:25374100","pubmed","25374100","create date:2014/11/07 | first author:Kim HJ",
"Deep learning based imaging data completion for improved brain disease diagnosis.","/pubmed/25320813","Li R, Zhang W, Suk HI, Wang L, Li J, Shen D, Ji S.","Med Image Comput Comput Assist Interv. 2014;17(Pt 3):305-12.","Med Image Comput Comput Assist Interv.  2014","PubMed","citation","PMID:25320813 | PMCID:PMC4464771","pubmed","25320813","create date:2014/10/17 | first author:Li R",
"Language networks associated with computerized semantic indices.","/pubmed/25315785","Pakhomov SV, Jones DT, Knopman DS.","Neuroimage. 2015 Jan 1;104:125-37. doi: 10.1016/j.neuroimage.2014.10.008. Epub 2014 Oct 12.","Neuroimage.  2015","PubMed","citation","PMID:25315785 | PMCID:PMC4402216","pubmed","25315785","create date:2014/10/16 | first author:Pakhomov SV",
"Brain connectivity and novel network measures for Alzheimer's disease classification.","/pubmed/25264345","Prasad G, Joshi SH, Nir TM, Toga AW, Thompson PM; Alzheimer's Disease Neuroimaging Initiative (ADNI)..","Neurobiol Aging. 2015 Jan;36 Suppl 1:S121-31. doi: 10.1016/j.neurobiolaging.2014.04.037. Epub 2014 Aug 30.","Neurobiol Aging.  2015","PubMed","citation","PMID:25264345 | PMCID:PMC4276322","pubmed","25264345","create date:2014/09/30 | first author:Prasad G",
"The Reference Ability Neural Network Study: motivation, design, and initial feasibility analyses.","/pubmed/25245813","Stern Y, Habeck C, Steffener J, Barulli D, Gazes Y, Razlighi Q, Shaked D, Salthouse T.","Neuroimage. 2014 Dec;103:139-51. doi: 10.1016/j.neuroimage.2014.09.029. Epub 2014 Sep 20.","Neuroimage.  2014","PubMed","citation","PMID:25245813 | PMCID:PMC4312259","pubmed","25245813","create date:2014/09/24 | first author:Stern Y",
"Compensation or inhibitory failure? Testing hypotheses of age-related right frontal lobe involvement in verbal memory ability using structural and diffusion MRI.","/pubmed/25241394","Cox SR, Bastin ME, Ferguson KJ, Allerhand M, Royle NA, Maniega SM, Starr JM, MacLullich AM, Wardlaw JM, Deary IJ, MacPherson SE.","Cortex. 2015 Feb;63:4-15. doi: 10.1016/j.cortex.2014.08.001. Epub 2014 Aug 21.","Cortex.  2015","PubMed","citation","PMID:25241394 | PMCID:PMC4317301","pubmed","25241394","create date:2014/09/23 | first author:Cox SR",
"Alzheimer disease biomarkers, attentional control, and semantic memory retrieval: Synergistic and mediational effects of biomarkers on a sensitive cognitive measure in non-demented older adults.","/pubmed/25222200","Aschenbrenner AJ, Balota DA, Tse CS, Fagan AM, Holtzman DM, Benzinger TL, Morris JC.","Neuropsychology. 2015 May;29(3):368-81. doi: 10.1037/neu0000133. Epub 2014 Sep 15.","Neuropsychology.  2015","PubMed","citation","PMID:25222200 | PMCID:PMC4362851","pubmed","25222200","create date:2014/09/16 | first author:Aschenbrenner AJ",
"The Alzheimer's disease-related glucose metabolic brain pattern.","/pubmed/25212911","Teune LK, Strijkert F, Renken RJ, Izaks GJ, de Vries JJ, Segbers M, Roerdink JB, Dierckx RA, Leenders KL.","Curr Alzheimer Res. 2014;11(8):725-32.","Curr Alzheimer Res.  2014","PubMed","citation","PMID:25212911","pubmed","25212911","create date:2014/09/13 | first author:Teune LK",
"Regional functional connectivity predicts distinct cognitive impairments in Alzheimer's disease spectrum.","/pubmed/25180158","Ranasinghe KG, Hinkley LB, Beagle AJ, Mizuiri D, Dowling AF, Honma SM, Finucane MM, Scherling C, Miller BL, Nagarajan SS, Vossel KA.","Neuroimage Clin. 2014 Jul 23;5:385-95. doi: 10.1016/j.nicl.2014.07.006. eCollection 2014.","Neuroimage Clin.  2014","PubMed","citation","PMID:25180158 | PMCID:PMC4145532","pubmed","25180158","create date:2014/09/03 | first author:Ranasinghe KG",
"Associative memory and its cerebral correlates in Alzheimer׳s disease: evidence for distinct deficits of relational and conjunctive memory.","/pubmed/25172390","Bastin C, Bahri MA, Miévis F, Lemaire C, Collette F, Genon S, Simon J, Guillaume B, Diana RA, Yonelinas AP, Salmon E.","Neuropsychologia. 2014 Oct;63:99-106. doi: 10.1016/j.neuropsychologia.2014.08.023. Epub 2014 Aug 27.","Neuropsychologia.  2014","PubMed","citation","PMID:25172390 | PMCID:PMC4194129","pubmed","25172390","create date:2014/08/31 | first author:Bastin C",
"Automated quantification of 18F-flutemetamol PET activity for categorizing scans as negative or positive for brain amyloid: concordance with visual image reads.","/pubmed/25146124","Thurfjell L, Lilja J, Lundqvist R, Buckley C, Smith A, Vandenberghe R, Sherwin P.","J Nucl Med. 2014 Oct;55(10):1623-8. doi: 10.2967/jnumed.114.142109. Epub 2014 Aug 21.","J Nucl Med.  2014","PubMed","citation","PMID:25146124","pubmed","25146124","create date:2014/08/26 | first author:Thurfjell L",
"Myelination, oligodendrocytes, and serious mental illness.","/pubmed/25056210","Haroutunian V, Katsel P, Roussos P, Davis KL, Altshuler LL, Bartzokis G.","Glia. 2014 Nov;62(11):1856-77. doi: 10.1002/glia.22716. Epub 2014 Jul 23. Review.","Glia.  2014","PubMed","citation","PMID:25056210","pubmed","25056210","create date:2014/07/25 | first author:Haroutunian V",
"An optimal decisional space for the classification of Alzheimer's disease and mild cognitive impairment.","/pubmed/25051543","Zhou Q, Goryawala M, Cabrerizo M, Wang J, Barker W, Loewenstein DA, Duara R, Adjouadi M.","IEEE Trans Biomed Eng. 2014 Aug;61(8):2245-53. doi: 10.1109/TBME.2014.2310709.","IEEE Trans Biomed Eng.  2014","PubMed","citation","PMID:25051543","pubmed","25051543","create date:2014/07/23 | first author:Zhou Q",
"Hierarchical feature representation and multimodal fusion with deep learning for AD/MCI diagnosis.","/pubmed/25042445","Suk HI, Lee SW, Shen D; Alzheimer's Disease Neuroimaging Initiative..","Neuroimage. 2014 Nov 1;101:569-82. doi: 10.1016/j.neuroimage.2014.06.077. Epub 2014 Jul 18.","Neuroimage.  2014","PubMed","citation","PMID:25042445 | PMCID:PMC4165842","pubmed","25042445","create date:2014/07/22 | first author:Suk HI",
"Neuropsychological syndromes associated with Alzheimer's/vascular dementia: a latent class analysis.","/pubmed/25024329","Libon DJ, Drabick DA, Giovannetti T, Price CC, Bondi MW, Eppig J, Devlin K, Nieves C, Lamar M, Delano-Wood L, Nation DA, Brennan L, Au R, Swenson R.","J Alzheimers Dis. 2014;42(3):999-1014. doi: 10.3233/JAD-132147.","J Alzheimers Dis.  2014","PubMed","citation","PMID:25024329","pubmed","25024329","create date:2014/07/16 | first author:Libon DJ",
"Elman neural network for the early identification of cognitive impairment in Alzheimer's disease.","/pubmed/25014050","Bertè F, Lamponi G, Calabrò RS, Bramanti P.","Funct Neurol. 2014 Jan-Mar;29(1):57-65.","Funct Neurol.  2014","PubMed","citation","PMID:25014050 | PMCID:PMC4172248","pubmed","25014050","create date:2014/07/12 | first author:Bertè F",
"Frontoparietal cognitive control of verbal memory recall in Alzheimer's disease.","/pubmed/24933580","Dhanjal NS, Wise RJ.","Ann Neurol. 2014 Aug;76(2):241-51. doi: 10.1002/ana.24199. Epub 2014 Jul 2.","Ann Neurol.  2014","PubMed","citation","PMID:24933580","pubmed","24933580","create date:2014/06/17 | first author:Dhanjal NS",
"Functional MRI studies of the hippocampus.","/pubmed/24777133","Nees F, Pohlack ST.","Front Neurol Neurosci. 2014;34:85-94. doi: 10.1159/000356427. Epub 2014 Apr 16. Review.","Front Neurol Neurosci.  2014","PubMed","citation","PMID:24777133","pubmed","24777133","create date:2014/04/30 | first author:Nees F",
"The When and Where of Working Memory Dysfunction in Early-Onset Schizophrenia-A Functional Magnetic Resonance Imaging Study.","/pubmed/24675869","Bittner RA, Linden DE, Roebroeck A, Härtling F, Rotarska-Jagiela A, Maurer K, Goebel R, Singer W, Haenschel C.","Cereb Cortex. 2015 Sep;25(9):2494-506. doi: 10.1093/cercor/bhu050. Epub 2014 Mar 27.","Cereb Cortex.  2015","PubMed","citation","PMID:24675869","pubmed","24675869","create date:2014/03/29 | first author:Bittner RA",
"Deficits in episodic memory retrieval reveal impaired default mode network connectivity in amnestic mild cognitive impairment.","/pubmed/24634833","Dunn CJ, Duffy SL, Hickie IB, Lagopoulos J, Lewis SJ, Naismith SL, Shine JM.","Neuroimage Clin. 2014 Feb 27;4:473-80. doi: 10.1016/j.nicl.2014.02.010. eCollection 2014.","Neuroimage Clin.  2014","PubMed","citation","PMID:24634833 | PMCID:PMC3952352","pubmed","24634833","create date:2014/03/19 | first author:Dunn CJ",
"Specific and disease stage-dependent episodic memory-related brain activation patterns in Alzheimer's disease: a coordinate-based meta-analysis.","/pubmed/24633738","Nellessen N, Rottschy C, Eickhoff SB, Ketteler ST, Kuhn H, Shah NJ, Schulz JB, Reske M, Reetz K.","Brain Struct Funct. 2015;220(3):1555-71. doi: 10.1007/s00429-014-0744-6. Epub 2014 Mar 15.","Brain Struct Funct.  2015","PubMed","citation","PMID:24633738","pubmed","24633738","create date:2014/03/19 | first author:Nellessen N",
"Random forests on Hadoop for genome-wide association studies of multivariate neuroimaging phenotypes.","/pubmed/24564704","Wang Y, Goh W, Wong L, Montana G; Alzheimer's Disease Neuroimaging Initiative..","BMC Bioinformatics. 2013;14 Suppl 16:S6. doi: 10.1186/1471-2105-14-S16-S6. Epub 2013 Oct 22.","BMC Bioinformatics.  2013","PubMed","citation","PMID:24564704 | PMCID:PMC3853073","pubmed","24564704","create date:2014/02/26 | first author:Wang Y",
"Personal memory function in mild cognitive impairment and subjective memory complaints: results from the Australian Imaging, Biomarkers, and Lifestyle (AIBL) Study of Ageing.","/pubmed/24496075","Buckley RF, Saling MM, Irish M, Ames D, Rowe CC, Lautenschlager NT, Maruff P, Macaulay SL, Martins RN, Masters CL, Rainey-Smith SR, Rembach A, Savage G, Szoeke C, Ellis KA.","J Alzheimers Dis. 2014;40(3):551-61. doi: 10.3233/JAD-131820.","J Alzheimers Dis.  2014","PubMed","citation","PMID:24496075","pubmed","24496075","create date:2014/02/06 | first author:Buckley RF",
"Cortical thickness and hippocampal shape in pure vascular mild cognitive impairment and dementia of subcortical type.","/pubmed/24495089","Kim HJ, Ye BS, Yoon CW, Noh Y, Kim GH, Cho H, Jeon S, Lee JM, Kim JH, Seong JK, Kim CH, Choe YS, Lee KH, Kim ST, Kim JS, Park SE, Kim JH, Chin J, Cho J, Kim C, Lee JH, Weiner MW, et al.","Eur J Neurol. 2014 May;21(5):744-51. doi: 10.1111/ene.12376. Epub 2014 Feb 4.","Eur J Neurol.  2014","PubMed","citation","PMID:24495089 | PMCID:PMC5832367","pubmed","24495089","create date:2014/02/06 | first author:Kim HJ",
"Ontology driven decision support for the diagnosis of mild cognitive impairment.","/pubmed/24468160","Zhang X, Hu B, Ma X, Moore P, Chen J.","Comput Methods Programs Biomed. 2014 Mar;113(3):781-91. doi: 10.1016/j.cmpb.2013.12.023. Epub 2014 Jan 6.","Comput Methods Programs Biomed.  2014","PubMed","citation","PMID:24468160","pubmed","24468160","create date:2014/01/29 | first author:Zhang X",
"Frontotemporal neural systems supporting semantic processing in Alzheimer's disease.","/pubmed/24425352","Peelle JE, Powers J, Cook PA, Smith EE, Grossman M.","Cogn Affect Behav Neurosci. 2014 Mar;14(1):37-48. doi: 10.3758/s13415-013-0239-6.","Cogn Affect Behav Neurosci.  2014","PubMed","citation","PMID:24425352 | PMCID:PMC3972309","pubmed","24425352","create date:2014/01/16 | first author:Peelle JE",
"Latent feature representation with stacked auto-encoder for AD/MCI diagnosis.","/pubmed/24363140","Suk HI, Lee SW, Shen D; Alzheimer’s Disease Neuroimaging Initiative..","Brain Struct Funct. 2015 Mar;220(2):841-59. doi: 10.1007/s00429-013-0687-3. Epub 2013 Dec 22.","Brain Struct Funct.  2015","PubMed","citation","PMID:24363140 | PMCID:PMC4065852","pubmed","24363140","create date:2013/12/24 | first author:Suk HI",
"Differential effects of the ApoE4 genotype on brain structure and function.","/pubmed/24296331","Matura S, Prvulovic D, Jurcoane A, Hartmann D, Miller J, Scheibe M, O'Dwyer L, Oertel-Knöchel V, Knöchel C, Reinke B, Karakaya T, Fußer F, Pantel J.","Neuroimage. 2014 Apr 1;89:81-91. doi: 10.1016/j.neuroimage.2013.11.042. Epub 2013 Dec 1.","Neuroimage.  2014","PubMed","citation","PMID:24296331","pubmed","24296331","create date:2013/12/04 | first author:Matura S",
"Metabolic correlates of Rey auditory verbal learning test in elderly subjects with memory complaints.","/pubmed/24150105","Brugnolo A, Morbelli S, Arnaldi D, De Carli F, Accardo J, Bossert I, Dessi B, Famà F, Ferrara M, Girtler N, Picco A, Rodriguez G, Sambuceti G, Nobili F.","J Alzheimers Dis. 2014;39(1):103-13. doi: 10.3233/JAD-121684.","J Alzheimers Dis.  2014","PubMed","citation","PMID:24150105","pubmed","24150105","create date:2013/10/24 | first author:Brugnolo A",
"Functional connectivity changes differ in early and late-onset Alzheimer's disease.","/pubmed/24123475","Gour N, Felician O, Didic M, Koric L, Gueriot C, Chanoine V, Confort-Gouny S, Guye M, Ceccaldi M, Ranjeva JP.","Hum Brain Mapp. 2014 Jul;35(7):2978-94. doi: 10.1002/hbm.22379. Epub 2013 Oct 5.","Hum Brain Mapp.  2014","PubMed","citation","PMID:24123475","pubmed","24123475","create date:2013/10/15 | first author:Gour N",
"Neuroimaging-based biomarkers in psychiatry: clinical opportunities of a paradigm shift.","/pubmed/24099497","Fu CH, Costafreda SG.","Can J Psychiatry. 2013 Sep;58(9):499-508. Review.","Can J Psychiatry.  2013","PubMed","citation","PMID:24099497","pubmed","24099497","create date:2013/10/09 | first author:Fu CH",
"Cognitive and neuroimaging evidence of impaired interaction between self and memory in Alzheimer's disease.","/pubmed/23993283","Genon S, Bahri MA, Collette F, Angel L, d'Argembeau A, Clarys D, Kalenzaga S, Salmon E, Bastin C.","Cortex. 2014 Feb;51:11-24. doi: 10.1016/j.cortex.2013.06.009. Epub 2013 Jul 2.","Cortex.  2014","PubMed","citation","PMID:23993283","pubmed","23993283","create date:2013/09/03 | first author:Genon S",
"Predicting progression to dementia in elderly subjects with mild cognitive impairment using both cognitive and neuroimaging predictors.","/pubmed/23963293","Peters F, Villeneuve S, Belleville S.","J Alzheimers Dis. 2014;38(2):307-18. doi: 10.3233/JAD-130842.","J Alzheimers Dis.  2014","PubMed","citation","PMID:23963293","pubmed","23963293","create date:2013/08/22 | first author:Peters F",
"Naming vs knowing faces in primary progressive aphasia: a tale of 2 hemispheres.","/pubmed/23940020","Gefen T, Wieneke C, Martersteck A, Whitney K, Weintraub S, Mesulam MM, Rogalski E.","Neurology. 2013 Aug 13;81(7):658-64. doi: 10.1212/WNL.0b013e3182a08f83.","Neurology.  2013","PubMed","citation","PMID:23940020 | PMCID:PMC3775689","pubmed","23940020","create date:2013/08/14 | first author:Gefen T",
"Using resting state functional connectivity to unravel networks of tinnitus.","/pubmed/23895873","Husain FT, Schmidt SA.","Hear Res. 2014 Jan;307:153-62. doi: 10.1016/j.heares.2013.07.010. Epub 2013 Jul 26. Review.","Hear Res.  2014","PubMed","citation","PMID:23895873","pubmed","23895873","create date:2013/07/31 | first author:Husain FT",
"Identification and mapping of linear antibody epitopes in human serum albumin using high-density Peptide arrays.","/pubmed/23894373","Hansen LB, Buus S, Schafer-Nielsen C.","PLoS One. 2013 Jul 23;8(7):e68902. doi: 10.1371/journal.pone.0068902. Print 2013.","PLoS One.  2013","PubMed","citation","PMID:23894373 | PMCID:PMC3720873","pubmed","23894373","create date:2013/07/31 | first author:Hansen LB",
"Glucose metabolism during resting state reveals abnormal brain networks organization in the Alzheimer's disease and mild cognitive impairment.","/pubmed/23894356","Sanabria-Diaz G, Martínez-Montes E, Melie-Garcia L; Alzheimer’s Disease Neuroimaging Initiative..","PLoS One. 2013 Jul 23;8(7):e68860. doi: 10.1371/journal.pone.0068860. Print 2013.","PLoS One.  2013","PubMed","citation","PMID:23894356 | PMCID:PMC3720883","pubmed","23894356","create date:2013/07/31 | first author:Sanabria-Diaz G",
"[Network analyses in neuroimaging studies].","/pubmed/23735528","Hirano S, Yamada M.","Brain Nerve. 2013 Jun;65(6):659-67. Review. Japanese. ","Brain Nerve.  2013","PubMed","citation","PMID:23735528","pubmed","23735528","create date:2013/06/06 | first author:Hirano S",
"Age and apolipoprotein E ε4 effects on neural correlates of odor memory.","/pubmed/23731072","Green AJ, Cervantez M, Graves LV, Morgan CD, Murphy C.","Behav Neurosci. 2013 Jun;127(3):339-49. doi: 10.1037/a0031891.","Behav Neurosci.  2013","PubMed","citation","PMID:23731072 | PMCID:PMC4339290","pubmed","23731072","create date:2013/06/05 | first author:Green AJ",
"Heightened emotional contagion in mild cognitive impairment and Alzheimer's disease is associated with temporal lobe degeneration.","/pubmed/23716653","Sturm VE, Yokoyama JS, Seeley WW, Kramer JH, Miller BL, Rankin KP.","Proc Natl Acad Sci U S A. 2013 Jun 11;110(24):9944-9. doi: 10.1073/pnas.1301119110. Epub 2013 May 28.","Proc Natl Acad Sci U S A.  2013","PubMed","citation","PMID:23716653 | PMCID:PMC3683715","pubmed","23716653","create date:2013/05/30 | first author:Sturm VE",
"Common and unique gray matter correlates of episodic memory dysfunction in frontotemporal dementia and Alzheimer's disease.","/pubmed/23670951","Irish M, Piguet O, Hodges JR, Hornberger M.","Hum Brain Mapp. 2014 Apr;35(4):1422-35. doi: 10.1002/hbm.22263. Epub 2013 May 14.","Hum Brain Mapp.  2014","PubMed","citation","PMID:23670951","pubmed","23670951","create date:2013/05/15 | first author:Irish M",
"Medial temporal lobe volume predicts elders' everyday memory.","/pubmed/23630222","Bailey HR, Zacks JM, Hambrick DZ, Zacks RT, Head D, Kurby CA, Sargent JQ.","Psychol Sci. 2013 Jul 1;24(7):1113-22. doi: 10.1177/0956797612466676. Epub 2013 Apr 29.","Psychol Sci.  2013","PubMed","citation","PMID:23630222 | PMCID:PMC3936320","pubmed","23630222","create date:2013/05/01 | first author:Bailey HR",
"Metabolic networks underlying cognitive reserve in prodromal Alzheimer disease: a European Alzheimer disease consortium project.","/pubmed/23591639","Morbelli S, Perneczky R, Drzezga A, Frisoni GB, Caroli A, van Berckel BN, Ossenkoppele R, Guedj E, Didic M, Brugnolo A, Naseri M, Sambuceti G, Pagani M, Nobili F.","J Nucl Med. 2013 Jun;54(6):894-902. doi: 10.2967/jnumed.112.113928. Epub 2013 Apr 16.","J Nucl Med.  2013","PubMed","citation","PMID:23591639","pubmed","23591639","create date:2013/04/18 | first author:Morbelli S",
"Different multivariate techniques for automated classification of MRI data in Alzheimer's disease and mild cognitive impairment.","/pubmed/23541334","Aguilar C, Westman E, Muehlboeck JS, Mecocci P, Vellas B, Tsolaki M, Kloszewska I, Soininen H, Lovestone S, Spenger C, Simmons A, Wahlund LO.","Psychiatry Res. 2013 May 30;212(2):89-98. doi: 10.1016/j.pscychresns.2012.11.005. Epub 2013 Mar 29.","Psychiatry Res.  2013","PubMed","citation","PMID:23541334","pubmed","23541334","create date:2013/04/02 | first author:Aguilar C",
"Magnetic resonance imaging evidence for presymptomatic change in thalamus and caudate in familial Alzheimer's disease.","/pubmed/23539189","Ryan NS, Keihaninejad S, Shakespeare TJ, Lehmann M, Crutch SJ, Malone IB, Thornton JS, Mancini L, Hyare H, Yousry T, Ridgway GR, Zhang H, Modat M, Alexander DC, Rossor MN, Ourselin S, Fox NC.","Brain. 2013 May;136(Pt 5):1399-414. doi: 10.1093/brain/awt065. Epub 2013 Mar 28.","Brain.  2013","PubMed","citation","PMID:23539189 | PMCID:PMC3634199","pubmed","23539189","create date:2013/03/30 | first author:Ryan NS",
"Training verb argument structure production in agrammatic aphasia: behavioral and neural recovery patterns.","/pubmed/23514929","Thompson CK, Riley EA, den Ouden DB, Meltzer-Asscher A, Lukic S.","Cortex. 2013 Oct;49(9):2358-76. doi: 10.1016/j.cortex.2013.02.003. Epub 2013 Feb 19.","Cortex.  2013","PubMed","citation","PMID:23514929 | PMCID:PMC3759546","pubmed","23514929","create date:2013/03/22 | first author:Thompson CK",
"STEPS: Similarity and Truth Estimation for Propagated Segmentations and its application to hippocampal segmentation and brain parcelation.","/pubmed/23510558","Jorge Cardoso M, Leung K, Modat M, Keihaninejad S, Cash D, Barnes J, Fox NC, Ourselin S; Alzheimer’s Disease Neuroimaging Initiative..","Med Image Anal. 2013 Aug;17(6):671-84. doi: 10.1016/j.media.2013.02.006. Epub 2013 Mar 1.","Med Image Anal.  2013","PubMed","citation","PMID:23510558","pubmed","23510558","create date:2013/03/21 | first author:Jorge Cardoso M",
"Patterns of longitudinal brain atrophy in the logopenic variant of primary progressive aphasia.","/pubmed/23395096","Rohrer JD, Caso F, Mahoney C, Henry M, Rosen HJ, Rabinovici G, Rossor MN, Miller B, Warren JD, Fox NC, Ridgway GR, Gorno-Tempini ML.","Brain Lang. 2013 Nov;127(2):121-6. doi: 10.1016/j.bandl.2012.12.008. Epub 2013 Feb 8.","Brain Lang.  2013","PubMed","citation","PMID:23395096 | PMCID:PMC3880853","pubmed","23395096","create date:2013/02/12 | first author:Rohrer JD",
"Item familiarity and controlled associative retrieval in Alzheimer's disease: an fMRI study.","/pubmed/23313012","Genon S, Collette F, Feyers D, Phillips C, Salmon E, Bastin C.","Cortex. 2013 Jun;49(6):1566-84. doi: 10.1016/j.cortex.2012.11.017. Epub 2012 Dec 19.","Cortex.  2013","PubMed","citation","PMID:23313012","pubmed","23313012","create date:2013/01/15 | first author:Genon S",
"Abnormal functional connectivity of the default mode network in remitted late-onset depression.","/pubmed/23270974","Wu D, Yuan Y, Bai F, You J, Li L, Zhang Z.","J Affect Disord. 2013 May;147(1-3):277-87. doi: 10.1016/j.jad.2012.11.019. Epub 2012 Dec 25.","J Affect Disord.  2013","PubMed","citation","PMID:23270974","pubmed","23270974","create date:2012/12/29 | first author:Wu D",
"The language profile of posterior cortical atrophy.","/pubmed/23138762","Crutch SJ, Lehmann M, Warren JD, Rohrer JD.","J Neurol Neurosurg Psychiatry. 2013 Apr;84(4):460-6. doi: 10.1136/jnnp-2012-303309. Epub 2012 Nov 8.","J Neurol Neurosurg Psychiatry.  2013","PubMed","citation","PMID:23138762 | PMCID:PMC4667396","pubmed","23138762","create date:2012/11/10 | first author:Crutch SJ",
"Feed-forward hierarchical model of the ventral visual stream applied to functional brain image classification.","/pubmed/22847891","Keator DB, Fallon JH, Lakatos A, Fowlkes CC, Potkin SG, Ihler A; Alzheimer's Disease Neuroimaging Initiative..","Hum Brain Mapp. 2014 Jan;35(1):38-52. doi: 10.1002/hbm.22149. Epub 2012 Jul 30.","Hum Brain Mapp.  2014","PubMed","citation","PMID:22847891 | PMCID:PMC4745890","pubmed","22847891","create date:2012/08/01 | first author:Keator DB",
"Memory performance and fMRI signal in presymptomatic familial Alzheimer's disease.","/pubmed/22806961","Braskie MN, Medina LD, Rodriguez-Agudelo Y, Geschwind DH, Macias-Islas MA, Thompson PM, Cummings JL, Bookheimer SY, Ringman JM.","Hum Brain Mapp. 2013 Dec;34(12):3308-19. doi: 10.1002/hbm.22141. Epub 2012 Jul 17.","Hum Brain Mapp.  2013","PubMed","citation","PMID:22806961 | PMCID:PMC3812259","pubmed","22806961","create date:2012/07/19 | first author:Braskie MN",
"The ups and downs of the posteromedial cortex: age- and amyloid-related functional alterations of the encoding/retrieval flip in cognitively normal older adults.","/pubmed/22586140","Vannini P, Hedden T, Huijbers W, Ward A, Johnson KA, Sperling RA.","Cereb Cortex. 2013 Jun;23(6):1317-28. doi: 10.1093/cercor/bhs108. Epub 2012 May 14.","Cereb Cortex.  2013","PubMed","citation","PMID:22586140 | PMCID:PMC3643714","pubmed","22586140","create date:2012/05/16 | first author:Vannini P",
"Complexity of spontaneous brain activity in mental disorders.","/pubmed/22579532","Takahashi T.","Prog Neuropsychopharmacol Biol Psychiatry. 2013 Aug 1;45:258-66. doi: 10.1016/j.pnpbp.2012.05.001. Epub 2012 May 8. Review.","Prog Neuropsychopharmacol Biol Psychiatry.  2013","PubMed","citation","PMID:22579532","pubmed","22579532","create date:2012/05/15 | first author:Takahashi T",
